{
  "project": "CarePredict",
  "training_mode": "quick",
  "cohort": {
    "raw_rows": 101766,
    "exact_duplicates_removed": 0,
    "encounter_duplicates_removed": 0,
    "death_or_hospice_removed": 2423,
    "newborn_rows_removed": 10,
    "invalid_gender_rows_removed": 3,
    "cohort_rows": 99330,
    "unique_patients": 69979,
    "readmission_rate": 0.11389308366052552,
    "model_rows": 29999,
    "model_unique_patients": 21133,
    "model_readmission_rate": 0.112837094569819
  },
  "stages": [
    {
      "stage": "intake",
      "champion": "Logistic Regression",
      "test_metrics": {
        "threshold": 0.095,
        "roc_auc": 0.6349566290709788,
        "pr_auc": 0.2028695248963732,
        "recall": 0.6303030303030303,
        "precision": 0.14814814814814814,
        "f1": 0.23990772779700115,
        "specificity": 0.5530642750373692,
        "brier": 0.09478826814183623,
        "log_loss": 0.33386625648914803,
        "tn": 1480,
        "fp": 1196,
        "fn": 122,
        "tp": 208,
        "predicted_positive_rate": 0.46706586826347307
      },
      "threshold": 0.095,
      "models_compared": [
        "Logistic Regression",
        "XGBoost",
        "Random Forest",
        "Dummy"
      ],
      "partition_sizes": {
        "train": 17995,
        "selection": 4486,
        "calibration": 2991,
        "threshold": 1521,
        "test": 3006
      }
    },
    {
      "stage": "discharge",
      "champion": "Logistic Regression",
      "test_metrics": {
        "threshold": 0.1,
        "roc_auc": 0.660344476151651,
        "pr_auc": 0.21134414026624698,
        "recall": 0.6545454545454545,
        "precision": 0.16095380029806258,
        "f1": 0.2583732057416268,
        "specificity": 0.5792227204783259,
        "brier": 0.0940589216764897,
        "log_loss": 0.3298667835829809,
        "tn": 1550,
        "fp": 1126,
        "fn": 114,
        "tp": 216,
        "predicted_positive_rate": 0.44644045242847635
      },
      "threshold": 0.1,
      "models_compared": [
        "Logistic Regression",
        "XGBoost",
        "Random Forest",
        "Dummy"
      ],
      "partition_sizes": {
        "train": 17995,
        "selection": 4486,
        "calibration": 2991,
        "threshold": 1521,
        "test": 3006
      }
    }
  ],
  "limitations": [
    "Historical data from 1999-2008.",
    "The dataset does not timestamp every feature, so the intake model is an intake-proxy model.",
    "No hospital identifier is available for site-level external validation.",
    "Educational decision-support prototype; not a medical device or diagnostic tool."
  ]
}